{"cameraMode":{"drawMode":0,"name":"Shaded","section":"Shading Mode"},"sceneLighting":false,"audioPlay":false,"sceneViewState":{"showFog":true,"showMaterialUpdate":false,"showSkybox":false,"showFlares":true,"showImageEffects":true,"showParticleSystems":true},"in2DMode":false,"pivot":{"x":-1.313689112663269,"y":0.5798115730285645,"z":-26.035133361816408},"rotation":{"x":0.20608684420585633,"y":-0.5653903484344482,"z":0.14847807586193086,"w":0.7847750186920166},"size":8.319665908813477,"orthographic":false}