{"cameraMode":{"drawMode":0,"name":"Shaded","section":"Shading Mode"},"sceneLighting":false,"audioPlay":false,"sceneViewState":{"showFog":true,"showMaterialUpdate":false,"showSkybox":false,"showFlares":true,"showImageEffects":true,"showParticleSystems":true},"in2DMode":false,"pivot":{"x":0.00599999725818634,"y":0.4000000059604645,"z":-8.010000228881836},"rotation":{"x":-0.18526986241340638,"y":-0.07476884126663208,"z":0.014509042724967003,"w":-0.9798766374588013},"size":4.278696060180664,"orthographic":false}