{"cameraMode":{"drawMode":0,"name":"Shaded","section":"Shading Mode"},"sceneLighting":false,"audioPlay":false,"sceneViewState":{"showFog":true,"showMaterialUpdate":false,"showSkybox":false,"showFlares":true,"showImageEffects":true,"showParticleSystems":true},"in2DMode":false,"pivot":{"x":-1.373995304107666,"y":0.44257989525794985,"z":-0.010668039321899414},"rotation":{"x":0.11166992038488388,"y":-0.0044769360683858398,"z":0.0004564040864352137,"w":0.9938002824783325},"size":1.5326288938522339,"orthographic":false}