{"cameraMode":{"drawMode":0,"name":"Shaded","section":"Shading Mode"},"sceneLighting":false,"audioPlay":false,"sceneViewState":{"showFog":true,"showMaterialUpdate":false,"showSkybox":false,"showFlares":true,"showImageEffects":true,"showParticleSystems":true},"in2DMode":false,"pivot":{"x":-0.550000011920929,"y":0.6940000057220459,"z":-35.64500045776367},"rotation":{"x":0.05136280134320259,"y":0.26780498027801516,"z":-0.014516769908368588,"w":0.9620742797851563},"size":1.2786940336227418,"orthographic":false}