{"cameraMode":{"drawMode":0,"name":"Shaded","section":"Shading Mode"},"sceneLighting":false,"audioPlay":false,"sceneViewState":{"showFog":true,"showMaterialUpdate":false,"showSkybox":false,"showFlares":true,"showImageEffects":true,"showParticleSystems":true},"in2DMode":false,"pivot":{"x":1.8599998950958253,"y":0.5498561859130859,"z":-25.81977081298828},"rotation":{"x":-0.1621190458536148,"y":-0.6398425102233887,"z":0.14067617058753968,"w":-0.7380378246307373},"size":30.766986846923829,"orthographic":false}