{"cameraMode":{"drawMode":0,"name":"Shaded","section":"Shading Mode"},"sceneLighting":false,"audioPlay":false,"sceneViewState":{"showFog":true,"showMaterialUpdate":false,"showSkybox":false,"showFlares":true,"showImageEffects":true,"showParticleSystems":true},"in2DMode":false,"pivot":{"x":0.6639999747276306,"y":0.8420000076293945,"z":-25.878999710083009},"rotation":{"x":0.18962964415550233,"y":0.3494292199611664,"z":-0.07222340255975723,"w":0.9148674607276917},"size":1.2786942720413209,"orthographic":false}