{"cameraMode":{"drawMode":0,"name":"Shaded","section":"Shading Mode"},"sceneLighting":false,"audioPlay":false,"sceneViewState":{"showFog":true,"showMaterialUpdate":false,"showSkybox":false,"showFlares":true,"showImageEffects":true,"showParticleSystems":true},"in2DMode":false,"pivot":{"x":0.18165302276611329,"y":2.0992326736450197,"z":-4.124622344970703},"rotation":{"x":-0.006985734216868877,"y":-0.9924836754798889,"z":0.06890562176704407,"w":-0.10161401331424713},"size":8.166025161743164,"orthographic":false}