{"cameraMode":{"drawMode":0,"name":"Shaded","section":"Shading Mode"},"sceneLighting":false,"audioPlay":false,"sceneViewState":{"showFog":true,"showMaterialUpdate":false,"showSkybox":false,"showFlares":true,"showImageEffects":true,"showParticleSystems":true},"in2DMode":false,"pivot":{"x":-0.09999999403953552,"y":0.38999998569488528,"z":-4.739999771118164},"rotation":{"x":-0.11456011980772019,"y":0.040826424956321719,"z":-0.004585095215588808,"w":-0.992630124092102},"size":1.2786961793899537,"orthographic":false}