{"cameraMode":{"drawMode":0,"name":"Shaded","section":"Shading Mode"},"sceneLighting":false,"audioPlay":false,"sceneViewState":{"showFog":true,"showMaterialUpdate":false,"showSkybox":false,"showFlares":true,"showImageEffects":true,"showParticleSystems":true},"in2DMode":false,"pivot":{"x":-0.010121822357177735,"y":0.24520012736320496,"z":2.5399999618530275},"rotation":{"x":0.07732059806585312,"y":-0.011966806836426258,"z":0.0008727305685169995,"w":0.9970061182975769},"size":3.421189546585083,"orthographic":false}